features,balanced_accuracy,f1_macro,precision_macro,recall_macro
20532,0.8100108225108225,0.8182579499273661,0.8307284804567413,0.8100108225108225
35,0.8100108225108225,0.8182579499273661,0.8307284804567413,0.8100108225108225
35,0.8100108225108225,0.8182579499273661,0.8307284804567413,0.8100108225108225
35,0.8100108225108225,0.8182579499273661,0.8307284804567413,0.8100108225108225
35,0.8100108225108225,0.8182579499273661,0.8307284804567413,0.8100108225108225
35,0.8100108225108225,0.8182579499273661,0.8307284804567413,0.8100108225108225
