features,balanced_accuracy,f1_macro,precision_macro,recall_macro
20532,0.8460497835497836,0.8522375430256863,0.8672483766233765,0.8460497835497836
562,0.8392316017316017,0.8499538363941536,0.8723620129870129,0.8392316017316017
445,0.8392316017316017,0.8499538363941536,0.8723620129870129,0.8392316017316017
418,0.8517316017316017,0.8605310039507261,0.8788535588807327,0.8517316017316017
403,0.8517316017316017,0.8605310039507261,0.8788535588807327,0.8517316017316017
403,0.8517316017316017,0.8605310039507261,0.8788535588807327,0.8517316017316017
403,0.8517316017316017,0.8605310039507261,0.8788535588807327,0.8517316017316017
403,0.8517316017316017,0.8605310039507261,0.8788535588807327,0.8517316017316017
403,0.8517316017316017,0.8605310039507261,0.8788535588807327,0.8517316017316017
